,co_ope,dt_base,vlr_base,dt_nasc,sexo,renda,renda_liq,dt_relac,co_cart,co_prof,cep
0,60,44613,1164.12,27553.0,0,1252.0,700.0,38872.0,0,151,3213
1,56,44613,1558.54,28634.0,0,2000.0,2000.0,37444.0,0,315,5040
2,60,44613,1816.37,28634.0,0,2000.0,2000.0,37444.0,0,315,5040
3,17,44857,1936.85,28634.0,0,2000.0,2000.0,37444.0,0,315,5040
4,16,44857,1061.43,33171.0,0,0.0,0.0,40989.0,0,204,24986
5,16,44857,4764.18,28305.0,0,0.0,0.0,40646.0,0,110,3464
6,17,44857,1864.07,28654.0,0,0.0,0.0,41030.0,0,91,5312
7,21,44857,10144.65,28654.0,0,0.0,0.0,41030.0,0,91,5312
8,60,44613,3845.04,28654.0,0,0.0,0.0,41030.0,0,91,5312
9,58,44613,12475.81,28654.0,0,0.0,0.0,41030.0,0,91,5312
10,21,44857,1481.09,33620.0,0,2756.56,1921.42,39848.0,0,241,25295
11,21,44857,1209.21,33620.0,0,2756.56,1921.42,39848.0,0,241,25295
12,17,44843,2179.16,33620.0,0,2756.56,1921.42,39848.0,0,241,25295
13,56,44613,1973.96,33620.0,0,2756.56,1921.42,39848.0,0,241,25295
14,21,44857,2598.83,31923.0,0,1314.42,648.24,40981.0,0,195,7797
15,21,44857,1167.8,31923.0,0,1314.42,648.24,40981.0,0,195,7797
16,56,44613,598.68,31541.0,0,0.0,0.0,42882.0,0,149,14213
17,16,44857,7325.56,23193.0,0,0.0,0.0,37096.0,0,131,170
18,16,44853,598.29,31789.0,0,0.0,0.0,39635.0,0,411,8284
19,58,44856,1515.73,31867.0,0,0.0,0.0,39606.0,0,126,13651
20,60,44613,1715.01,31816.0,0,0.0,0.0,38501.0,0,367,8355
21,60,44613,35.99,30780.0,0,3750.0,3500.0,39253.0,0,264,14293
22,17,44857,3461.1,26500.0,0,1820.0,1820.0,36836.0,0,304,5615
23,58,44613,898.12,27917.0,0,0.0,0.0,36607.0,0,315,3961
24,16,44829,664.62,31512.0,0,1896.03,1102.05,39965.0,0,318,13001
25,14,44857,12286.68,31461.0,0,0.0,0.0,41687.0,0,151,8486
26,20,44843,1068.58,33330.0,0,2190.0,2190.0,39302.0,0,304,22280
27,58,44716,4402.85,10587.0,0,7849.0,6231.0,35415.0,0,277,3970
28,16,44857,9439.9,28881.0,0,0.0,0.0,41370.0,0,267,5551
29,58,44613,1135.5,28881.0,0,0.0,0.0,41370.0,0,267,5551
30,21,44857,619.04,22628.0,0,0.0,0.0,37893.0,0,233,1450
31,17,44843,440.77,22628.0,0,0.0,0.0,37893.0,0,233,1450
32,6,44809,5053.96,33143.0,0,3657.56,1778.02,39875.0,0,132,24246
33,6,44809,1760.61,33143.0,0,3657.56,1778.02,39875.0,0,132,24246
34,17,44843,2525.47,33143.0,0,3657.56,1778.02,39875.0,0,132,24246
35,17,44857,907.58,32829.0,0,0.0,0.0,41575.0,0,185,22508
36,58,44613,2328.22,23637.0,0,0.0,0.0,42134.0,0,429,1180
37,21,44857,1367.52,28518.0,0,0.0,0.0,42589.0,0,315,5703
38,16,44857,687.23,28518.0,0,0.0,0.0,42589.0,0,315,5703
39,60,44613,738.55,11560.0,0,0.0,0.0,36113.0,0,277,23604
40,17,44857,1913.85,11560.0,0,0.0,0.0,36113.0,0,277,23604
41,16,44857,3472.27,30628.0,0,1700.0,1700.0,40737.0,0,247,8066
42,17,44843,8317.37,28425.0,0,0.0,0.0,41392.0,0,331,3469
43,58,44613,2324.21,30894.0,0,1516.33,1395.03,38382.0,0,199,8898
44,6,44857,9411.95,30871.0,0,0.0,0.0,38763.0,0,240,8092
45,6,44857,5619.84,30871.0,0,0.0,0.0,38763.0,0,240,8092
46,6,44857,7684.1,30871.0,0,0.0,0.0,38763.0,0,240,8092
47,6,44650,47487.58,20728.0,0,4598.16,4598.16,33314.0,0,130,16253
48,21,44857,1123.63,33462.0,0,0.0,0.0,39616.0,0,195,22306
49,58,44894,763.76,36785.0,0,0.0,0.0,43170.0,0,429,15800
50,17,44843,390.31,35251.0,0,2118.34,2118.34,41510.0,0,241,25161
51,7,44857,254.51,31994.0,0,0.0,0.0,40397.0,0,304,14256
52,10,44857,15259.02,22719.0,0,2800.0,2800.0,40041.0,0,380,3139
53,16,44857,6962.84,33053.0,0,0.0,0.0,39300.0,0,282,22874
54,58,44613,175.68,33272.0,0,0.0,0.0,40294.0,0,163,23862
55,16,44857,1576.76,31425.0,0,0.0,0.0,38012.0,0,163,6243
56,56,44613,901.33,31580.0,0,1813.56,943.5,42779.0,0,199,12115
57,56,44613,1332.89,34990.0,0,1150.0,1150.0,41927.0,0,163,10536
58,3,44857,6375.21,35303.0,0,0.0,0.0,42280.0,0,240,22683
59,17,44857,708.02,35303.0,0,0.0,0.0,42280.0,0,240,22683
60,17,44857,856.38,31964.0,0,0.0,0.0,37797.0,0,243,7982
61,56,44613,1626.86,29965.0,0,1808.7,1486.55,40363.0,0,236,7785
62,56,44634,2039.69,32810.0,0,1500.0,1500.0,40012.0,0,163,12198
63,16,44857,5068.93,31406.0,0,0.0,0.0,39098.0,0,304,6295
64,16,44857,5832.4,31360.0,0,3405.5,3316.52,39853.0,0,163,8500
65,8,44857,353.87,28587.0,0,650.0,650.0,37055.0,0,198,5353
66,16,44857,4957.5,27928.0,0,1363.0,1363.0,41506.0,0,264,4184
67,60,44613,588.55,27928.0,0,1363.0,1363.0,41506.0,0,264,4184
68,60,44613,1990.58,16823.0,0,5000.0,5000.0,37886.0,0,277,6105
69,16,44857,4438.81,30451.0,0,0.0,0.0,41322.0,0,304,7305
70,58,44613,1207.93,31612.0,0,0.0,0.0,42212.0,0,367,12859
71,58,44613,116.35,31237.0,0,0.0,0.0,39656.0,0,221,7910
72,6,44857,4731.69,32906.0,0,0.0,0.0,41462.0,0,315,13813
73,17,44843,1672.87,24101.0,0,0.0,0.0,39854.0,0,281,1219
74,56,44613,10443.95,24101.0,0,0.0,0.0,39854.0,0,281,1219
75,16,44857,1994.06,24101.0,0,0.0,0.0,39854.0,0,281,1219
76,6,44857,2602.09,24101.0,0,0.0,0.0,39854.0,0,281,1219
77,16,44857,445.14,32424.0,0,1576.0,1576.0,38762.0,0,74,13412
78,6,44857,3928.04,28811.0,0,1074.27,580.0,40355.0,0,76,23725
79,17,44857,270.28,32610.0,0,2000.0,2000.0,43136.0,0,73,13296
80,17,44843,1529.53,32949.0,0,1400.0,1400.0,42953.0,0,217,24128
81,60,44894,588.22,29712.0,0,0.0,0.0,39678.0,0,315,454
82,8,44857,1580.23,30921.0,0,0.0,0.0,42057.0,0,315,5963
83,8,44857,2730.06,30921.0,0,0.0,0.0,42057.0,0,315,5963
84,56,44894,2838.68,30997.0,0,5000.0,5000.0,43136.0,0,132,6557
85,14,44857,14676.09,23969.0,0,0.0,0.0,38060.0,0,238,26951
86,56,44613,791.08,28387.0,0,0.0,0.0,36358.0,0,315,3214
87,14,44857,6311.1,33269.0,0,0.0,0.0,40971.0,0,163,22575
88,58,44613,6560.92,28769.0,0,2500.0,2500.0,35127.0,0,24,5505
89,17,44857,5786.6,28769.0,0,2500.0,2500.0,35127.0,0,24,5505
90,21,44857,1636.43,31077.0,0,0.0,0.0,37866.0,0,151,6128
91,16,44857,1128.57,31077.0,0,0.0,0.0,37866.0,0,151,6128
92,58,44613,2001.79,31077.0,0,0.0,0.0,37866.0,0,151,6128
93,17,44857,685.53,31077.0,0,0.0,0.0,37866.0,0,151,6128
94,6,44857,5572.11,24222.0,0,1906.13,1906.13,36647.0,0,220,1382
95,21,44838,106.39,27225.0,0,1500.0,1500.0,38214.0,0,234,3135
96,56,44773,1413.76,32436.0,0,0.0,0.0,43628.0,0,313,13215
97,6,44857,6593.91,31299.0,0,3600.0,3078.2,39826.0,0,47,8354
98,60,44613,788.76,32248.0,0,0.0,0.0,42582.0,0,356,6735
99,60,44613,923.44,32879.0,0,0.0,0.0,41629.0,0,240,14212
100,56,44613,717.67,27300.0,0,3714.77,3160.24,40085.0,0,132,3556
101,56,44613,321.71,27162.0,0,0.0,0.0,38089.0,0,241,7989
102,58,44613,989.26,27162.0,0,0.0,0.0,38089.0,0,241,7989
103,16,44857,370.86,27162.0,0,0.0,0.0,38089.0,0,241,7989
104,21,44857,992.68,28867.0,0,1212.0,1212.0,40405.0,0,241,7729
105,21,44914,532.69,31280.0,0,0.0,0.0,38747.0,0,204,7403
106,56,44613,744.31,30212.0,0,749.78,749.78,39435.0,0,132,24675
107,5,44857,303.06,31849.0,0,1936.24,1112.41,37878.0,0,151,5987
108,14,44857,8171.75,31849.0,0,1936.24,1112.41,37878.0,0,151,5987
109,17,44857,737.13,31849.0,0,1936.24,1112.41,37878.0,0,151,5987
110,58,44613,2893.0,31849.0,0,1936.24,1112.41,37878.0,0,151,5987
111,6,44857,255.8,18263.0,0,1653.87,1116.17,39306.0,0,391,14172
112,17,44843,1472.98,16263.0,0,0.0,0.0,36815.0,0,277,5188
113,16,44857,2325.13,31657.0,0,0.0,0.0,42277.0,0,163,8417
114,21,44857,1570.31,33744.0,0,0.0,0.0,42078.0,0,199,22174
115,56,44613,1043.94,33744.0,0,0.0,0.0,42078.0,0,199,22174
116,16,44857,1555.66,24366.0,0,3295.61,3295.61,37594.0,0,199,23079
117,16,44857,1675.86,31592.0,0,0.0,0.0,41288.0,0,267,14455
118,58,44613,7122.91,24183.0,0,12909.91,5790.03,42112.0,0,65,11245
119,17,44857,3447.17,31550.0,0,2138.13,1443.76,39152.0,0,315,19348
120,60,44613,650.45,31550.0,0,2138.13,1443.76,39152.0,0,315,19348
121,16,44857,7535.7,22950.0,0,4000.0,4000.0,40989.0,0,163,948
122,58,44613,4480.99,22950.0,0,4000.0,4000.0,40989.0,0,163,948
123,8,44857,2346.01,31466.0,0,0.0,0.0,40915.0,0,132,6700
124,8,44857,3223.44,31466.0,0,0.0,0.0,40915.0,0,132,6700
125,17,44853,953.28,33474.0,0,1796.98,1080.0,41006.0,0,108,22718
126,6,44857,1875.14,15729.0,0,0.0,0.0,43171.0,0,277,25864
127,58,44613,4065.79,28966.0,0,3000.0,2500.0,37184.0,0,63,3031
128,60,44613,4643.36,28966.0,0,3000.0,2500.0,37184.0,0,63,3031
129,17,44843,1489.51,23248.0,0,2927.51,1693.03,40077.0,0,199,1385
130,56,44613,600.91,31491.0,0,1350.0,1350.0,39964.0,0,61,7120
131,60,44613,4210.48,32944.0,0,1513.52,826.08,41484.0,0,129,23143
132,60,44613,2181.39,28356.0,0,0.0,0.0,43401.0,0,198,3064
133,3,44857,61035.4,28420.0,0,0.0,0.0,31117.0,0,72,5284
134,8,44857,1298.04,27419.0,0,0.0,0.0,42259.0,0,362,4026
135,20,44857,536.55,13375.0,0,635.92,635.92,35633.0,0,304,17851
136,16,44857,3057.99,19196.0,0,0.0,0.0,34056.0,0,277,11505
137,58,44699,18530.78,19196.0,0,0.0,0.0,34056.0,0,277,11505
138,6,44857,1740.24,32328.0,0,1320.0,1320.0,40965.0,0,181,24508
139,6,44857,2810.17,32328.0,0,1320.0,1320.0,40965.0,0,181,24508
140,20,44857,505.38,26836.0,0,0.0,0.0,39288.0,0,476,13817
141,58,44613,2426.5,32476.0,0,0.0,0.0,38973.0,0,132,13354
142,17,44843,752.7,27229.0,0,0.0,0.0,41241.0,0,219,3291
143,56,44613,607.62,27229.0,0,0.0,0.0,41241.0,0,219,3291
144,21,44857,1007.54,27229.0,0,0.0,0.0,41241.0,0,219,3291
145,56,44699,516.54,36156.0,0,0.0,0.0,43760.0,0,429,10742
146,56,44613,507.77,33276.0,0,2800.0,2800.0,40560.0,0,151,24676
147,60,44613,3444.3,19325.0,0,3960.38,2799.9,38777.0,0,278,4450
148,6,44857,1652.4,19325.0,0,3960.38,2799.9,38777.0,0,278,4450
149,58,44613,2244.97,19325.0,0,3960.38,2799.9,38777.0,0,278,4450
150,6,44857,13381.59,31402.0,0,1700.0,1700.0,40659.0,0,131,8413
151,58,44773,1186.99,34418.0,0,0.0,0.0,42786.0,0,429,10604
152,21,44857,6996.39,28544.0,0,0.0,0.0,37047.0,0,53,2985
153,21,44857,2359.87,28544.0,0,0.0,0.0,37047.0,0,53,2985
154,21,44857,586.97,28544.0,0,0.0,0.0,37047.0,0,53,2985
155,21,44857,650.2,28544.0,0,0.0,0.0,37047.0,0,53,2985
156,21,44857,386.36,28544.0,0,0.0,0.0,37047.0,0,53,2985
157,21,44857,510.32,28544.0,0,0.0,0.0,37047.0,0,53,2985
158,6,44857,8352.25,23926.0,0,0.0,0.0,37790.0,0,132,1689
159,17,44857,854.34,15494.0,0,0.0,0.0,36648.0,0,304,21645
160,21,44857,2921.95,31761.0,0,3056.0,3056.0,38004.0,0,132,7874
161,6,44857,4808.36,33679.0,0,1700.0,1700.0,41834.0,0,247,22763
162,56,44613,1091.95,34286.0,0,0.0,0.0,41049.0,0,34,22585
163,56,44699,246.3,30418.0,0,2350.0,2350.0,38852.0,0,132,7136
164,21,44888,3383.52,30418.0,0,2350.0,2350.0,38852.0,0,132,7136
165,58,44613,4712.19,28607.0,0,0.0,0.0,39112.0,0,163,5393
166,60,44613,1057.73,28111.0,0,1946.25,1247.6,37877.0,0,198,3952
167,16,44857,1263.2,28111.0,0,1946.25,1247.6,37877.0,0,198,3952
168,14,44857,12887.2,28517.0,0,1430.0,1430.0,39412.0,0,151,5191
169,16,44857,5666.87,30108.0,0,1212.0,1212.0,38430.0,0,226,8055
170,56,44803,1180.81,32215.0,0,1035.32,1035.32,41176.0,0,132,12669
171,6,44857,3211.84,24742.0,0,0.0,0.0,39964.0,0,277,4030
172,17,44857,1951.45,20273.0,0,0.0,0.0,38599.0,0,84,1438
173,58,44613,3306.94,20273.0,0,0.0,0.0,38599.0,0,84,1438
174,60,44613,2565.66,18907.0,0,0.0,0.0,40594.0,0,315,1351
175,58,44613,870.2,18907.0,0,0.0,0.0,40594.0,0,315,1351
176,6,44857,17216.6,28407.0,0,4000.0,4000.0,38475.0,0,41,4861
177,58,44613,298.65,28407.0,0,4000.0,4000.0,38475.0,0,41,4861
178,21,44857,848.62,32936.0,0,0.0,0.0,40211.0,0,374,22682
179,8,44857,1391.98,32936.0,0,0.0,0.0,40211.0,0,374,22682
180,8,44857,3739.26,32936.0,0,0.0,0.0,40211.0,0,374,22682
181,60,44613,681.4,32936.0,0,0.0,0.0,40211.0,0,374,22682
182,58,44613,2905.5,31947.0,0,0.0,0.0,41153.0,0,136,8158
183,17,44857,2784.75,35388.0,0,0.0,0.0,42471.0,0,282,21311
184,58,44613,2708.7,35388.0,0,0.0,0.0,42471.0,0,282,21311
185,21,44857,4346.23,35388.0,0,0.0,0.0,42471.0,0,282,21311
186,58,44613,34.32,31805.0,0,5260.07,3619.06,38691.0,0,318,8281
187,8,44857,244.33,32802.0,0,0.0,0.0,40391.0,0,221,14277
188,16,44857,1940.74,25492.0,0,0.0,0.0,39697.0,0,209,4039
189,58,44613,2397.37,25492.0,0,0.0,0.0,39697.0,0,209,4039
190,56,44613,881.55,21974.0,0,0.0,0.0,38829.0,0,315,3120
191,17,44857,1541.63,21974.0,0,0.0,0.0,38829.0,0,315,3120
192,8,44857,2941.36,21974.0,0,0.0,0.0,38829.0,0,315,3120
193,5,44857,365.84,32973.0,0,0.0,0.0,39838.0,0,240,12494
194,5,44857,244.02,32973.0,0,0.0,0.0,39838.0,0,240,12494
195,5,44857,350.04,32973.0,0,0.0,0.0,39838.0,0,240,12494
196,17,44857,1987.92,32973.0,0,0.0,0.0,39838.0,0,240,12494
197,17,44857,607.44,13286.0,0,0.0,0.0,32442.0,0,304,25947
198,60,44853,29866.01,32963.0,0,32000.0,23582.81,41281.0,0,47,25200
199,56,44613,926.98,29064.0,0,1500.0,1380.0,43606.0,0,36,5793
200,17,44809,1008.35,29064.0,0,1500.0,1380.0,43606.0,0,36,5793
201,14,44857,4565.68,30873.0,0,744.28,690.04,41472.0,0,233,12795
202,17,44857,651.67,30873.0,0,744.28,690.04,41472.0,0,233,12795
203,16,44809,1709.46,26572.0,0,4000.0,3875.75,35070.0,0,278,15262
204,60,44613,643.63,32744.0,0,0.0,0.0,41730.0,0,343,13088
205,60,44613,2597.02,28172.0,0,0.0,0.0,40316.0,0,233,3957
206,17,44857,1447.56,28172.0,0,0.0,0.0,40316.0,0,233,3957
207,17,44843,1160.9,31171.0,0,0.0,0.0,38528.0,0,156,8351
208,60,44716,7392.51,25176.0,0,9819.48,5193.01,35676.0,0,46,474
209,17,44733,3909.99,25176.0,0,9819.48,5193.01,35676.0,0,46,474
210,21,44857,6391.98,25176.0,0,9819.48,5193.01,35676.0,0,46,474
211,6,44857,2220.5,32323.0,0,0.0,0.0,41351.0,0,243,8874
212,6,44857,2567.69,32063.0,0,0.0,0.0,43030.0,0,427,14376
213,58,44613,1466.41,30017.0,0,0.0,0.0,38948.0,0,185,13296
214,56,44613,796.95,30017.0,0,0.0,0.0,38948.0,0,185,13296
215,60,44613,4834.05,32164.0,0,0.0,0.0,41884.0,0,56,6180
216,17,44857,745.65,35685.0,0,1810.0,1648.9,43109.0,0,163,15975
217,56,44613,1348.26,35685.0,0,1810.0,1648.9,43109.0,0,163,15975
218,21,44914,176.36,32217.0,0,1786.72,1690.85,40714.0,0,132,24584
219,58,44613,4589.97,30907.0,0,0.0,0.0,41750.0,0,199,6717
220,17,44857,2522.37,30907.0,0,0.0,0.0,41750.0,0,199,6717
221,17,44857,13002.74,20263.0,0,6209.6,6209.6,40016.0,0,152,12302
222,17,44857,5126.37,20263.0,0,6209.6,6209.6,40016.0,0,152,12302
223,6,44913,79737.78,20263.0,0,6209.6,6209.6,40016.0,0,152,12302
224,6,44913,67527.36,20263.0,0,6209.6,6209.6,40016.0,0,152,12302
225,56,44735,10207.02,20263.0,0,6209.6,6209.6,40016.0,0,152,12302
226,60,44735,13715.3,20263.0,0,6209.6,6209.6,40016.0,0,152,12302
227,21,44857,35470.53,20263.0,0,6209.6,6209.6,40016.0,0,152,12302
228,6,44913,80055.53,20263.0,0,6209.6,6209.6,40016.0,0,152,12302
229,5,44857,4189.84,20263.0,0,6209.6,6209.6,40016.0,0,152,12302
230,5,44857,39890.54,20263.0,0,6209.6,6209.6,40016.0,0,152,12302
231,5,44857,1665.17,6425.0,0,7222.63,7222.63,34890.0,0,277,9117
232,5,44857,922.46,6425.0,0,7222.63,7222.63,34890.0,0,277,9117
233,17,44857,6388.76,6425.0,0,7222.63,7222.63,34890.0,0,277,9117
234,6,44901,1328.1,24224.0,0,0.0,0.0,42242.0,0,277,219
235,17,44857,498.67,23098.0,0,2592.03,2540.43,37324.0,0,277,5445
236,56,44735,35.39,24274.0,0,0.0,0.0,41300.0,0,315,216
237,21,44857,1050.74,24274.0,0,0.0,0.0,41300.0,0,315,216
238,21,44857,508.45,24274.0,0,0.0,0.0,41300.0,0,315,216
239,21,44857,1027.67,24274.0,0,0.0,0.0,41300.0,0,315,216
240,21,44857,1454.13,24274.0,0,0.0,0.0,41300.0,0,315,216
241,21,44857,760.74,24274.0,0,0.0,0.0,41300.0,0,315,216
242,21,44857,156.79,24274.0,0,0.0,0.0,41300.0,0,315,216
243,17,44857,1290.69,24274.0,0,0.0,0.0,41300.0,0,315,216
244,58,44613,1389.49,28307.0,0,2300.0,2300.0,36876.0,0,126,4719
245,58,44613,1199.78,28116.0,0,0.0,0.0,39826.0,0,304,4532
246,60,44613,930.79,24525.0,0,4182.71,2959.88,42457.0,0,199,9950
247,56,44613,947.51,24525.0,0,4182.71,2959.88,42457.0,0,199,9950
248,17,44650,590.0,31771.0,0,0.0,0.0,39936.0,0,199,8359
249,56,44613,1266.97,31771.0,0,0.0,0.0,39936.0,0,199,8359
250,56,44613,337.92,21504.0,0,0.0,0.0,38733.0,0,357,16707
251,60,44699,1711.36,28246.0,0,0.0,0.0,41499.0,0,199,3092
252,58,44613,1067.77,28246.0,0,0.0,0.0,41499.0,0,199,3092
253,17,44857,734.19,24325.0,0,795.25,795.25,38887.0,0,278,1375
254,9,44857,1861.85,29350.0,0,0.0,0.0,39554.0,0,315,13158
255,1,44853,1439.93,18180.0,0,4342.0,1548.0,37566.0,0,288,12780
256,17,44843,645.42,33502.0,0,6664.61,6664.61,40266.0,0,73,24983
257,58,44716,1336.7,37037.0,0,0.0,0.0,43934.0,0,318,10661
258,56,44613,448.76,33335.0,0,1684.89,1387.77,40692.0,0,282,13779
259,17,44857,680.53,33335.0,0,1684.89,1387.77,40692.0,0,282,13779
260,60,44613,1527.39,23180.0,0,1433.1,1433.1,42883.0,0,315,178
261,58,44613,438.98,23180.0,0,1433.1,1433.1,42883.0,0,315,178
262,6,44857,4437.23,28313.0,0,4000.01,4000.01,37860.0,0,74,4573
263,60,44613,4081.1,28313.0,0,4000.01,4000.01,37860.0,0,74,4573
264,17,44857,6040.11,28313.0,0,4000.01,4000.01,37860.0,0,74,4573
265,21,44857,581.88,23562.0,0,3234.36,3234.36,39169.0,0,277,21928
266,21,44857,1173.92,23562.0,0,3234.36,3234.36,39169.0,0,277,21928
267,21,44857,1155.01,23562.0,0,3234.36,3234.36,39169.0,0,277,21928
268,21,44857,491.25,23562.0,0,3234.36,3234.36,39169.0,0,277,21928
269,21,44857,586.83,23562.0,0,3234.36,3234.36,39169.0,0,277,21928
270,21,44857,347.88,23562.0,0,3234.36,3234.36,39169.0,0,277,21928
271,21,44857,1052.69,23562.0,0,3234.36,3234.36,39169.0,0,277,21928
272,21,44857,374.08,23562.0,0,3234.36,3234.36,39169.0,0,277,21928
273,21,44857,441.3,23562.0,0,3234.36,3234.36,39169.0,0,277,21928
274,21,44857,371.15,23562.0,0,3234.36,3234.36,39169.0,0,277,21928
275,21,44857,617.06,23562.0,0,3234.36,3234.36,39169.0,0,277,21928
276,21,44857,612.15,23562.0,0,3234.36,3234.36,39169.0,0,277,21928
277,21,44857,627.56,23562.0,0,3234.36,3234.36,39169.0,0,277,21928
278,21,44857,484.22,23562.0,0,3234.36,3234.36,39169.0,0,277,21928
279,21,44857,1126.05,23562.0,0,3234.36,3234.36,39169.0,0,277,21928
280,6,44857,45220.98,8063.0,0,11879.08,8647.47,36494.0,0,278,3429
281,17,44857,2438.71,8063.0,0,11879.08,8647.47,36494.0,0,278,3429
282,17,44857,2488.28,27860.0,0,0.0,0.0,36631.0,0,241,5461
283,58,44613,2212.82,27860.0,0,0.0,0.0,36631.0,0,241,5461
284,14,44857,11139.48,30973.0,0,3000.0,3000.0,41528.0,0,233,6695
285,56,44613,549.27,30973.0,0,3000.0,3000.0,41528.0,0,233,6695
286,17,44853,753.49,36980.0,0,0.0,0.0,43736.0,0,163,19321
287,60,44613,6437.16,27725.0,0,8425.0,6740.0,38896.0,0,98,14151
288,17,44857,2733.75,32205.0,0,0.0,0.0,38956.0,0,429,6717
289,58,44613,1241.41,32205.0,0,0.0,0.0,38956.0,0,429,6717
290,60,44613,1254.9,31963.0,0,0.0,0.0,40747.0,0,264,8755
291,14,44650,19122.06,31963.0,0,0.0,0.0,40747.0,0,264,8755
292,14,44857,4656.4,33585.0,0,2391.45,2391.45,39587.0,0,126,25059
293,60,44853,1852.78,33352.0,0,2649.45,1177.51,41598.0,0,233,22600
294,58,44613,1589.56,31583.0,0,0.0,0.0,39935.0,0,64,13848
295,17,44857,1720.76,31583.0,0,0.0,0.0,39935.0,0,64,13848
296,16,44857,449.0,28963.0,0,0.0,0.0,39110.0,0,304,4219
297,8,44857,549.54,28963.0,0,0.0,0.0,39110.0,0,304,4219
298,6,44857,14828.87,33227.0,0,2218.83,1227.03,39265.0,0,126,12168
299,60,44613,1041.62,32077.0,0,0.0,0.0,39253.0,0,151,11771
300,8,44857,4215.75,31583.0,0,16500.0,2900.0,39245.0,0,204,7267
301,60,44613,3565.63,28566.0,0,0.0,0.0,41227.0,0,267,5747
302,56,44699,1677.62,15854.0,0,0.0,0.0,41686.0,0,277,4808
303,5,44857,806.74,15854.0,0,0.0,0.0,41686.0,0,277,4808
304,21,44857,409.32,15854.0,0,0.0,0.0,41686.0,0,277,4808
305,5,44857,452.68,15854.0,0,0.0,0.0,41686.0,0,277,4808
306,5,44857,647.74,15854.0,0,0.0,0.0,41686.0,0,277,4808
307,17,44857,1799.09,12691.0,0,1106.7,774.81,35555.0,0,277,130
308,58,44613,1182.31,28437.0,0,0.0,0.0,41191.0,0,249,5469
309,8,44857,1771.3,28443.0,0,0.0,0.0,37023.0,0,315,4708
310,8,44857,545.78,28443.0,0,0.0,0.0,37023.0,0,315,4708
311,58,44613,1849.72,28277.0,0,2978.87,1402.69,39903.0,0,220,4617
312,56,44613,1239.54,31935.0,0,0.0,0.0,40209.0,0,315,12764
313,56,44773,1041.64,32160.0,0,0.0,0.0,40329.0,0,163,23663
314,60,44613,518.36,31990.0,0,1874.38,1874.38,40992.0,0,246,7171
315,6,44857,7103.98,23682.0,0,1774.6,1288.58,38101.0,0,278,235
316,6,44857,2454.34,23682.0,0,1774.6,1288.58,38101.0,0,278,235
317,17,44857,689.22,23682.0,0,1774.6,1288.58,38101.0,0,278,235
318,60,44613,449.62,17605.0,0,0.0,0.0,36660.0,0,277,9045
319,16,44857,802.45,32138.0,0,0.0,0.0,41094.0,0,199,7172
320,6,44830,1542.01,33997.0,0,2640.0,2420.15,38726.0,0,132,7299
321,58,44613,672.11,24531.0,0,6531.22,6531.22,38178.0,0,277,1032
322,6,44857,1905.28,8570.0,0,0.0,0.0,39188.0,0,278,4833
323,16,44857,929.38,20344.0,0,1298.42,1298.42,37355.0,0,277,5482
324,56,44613,888.33,31286.0,0,1904.3,1904.3,40055.0,0,240,7440
325,14,44857,10601.5,30798.0,0,0.0,0.0,41457.0,0,185,3806
326,58,44613,1572.57,31641.0,0,0.0,0.0,39270.0,0,282,13826
327,16,44857,3663.15,17914.0,0,0.0,0.0,41666.0,0,277,12777
328,17,44857,587.44,32831.0,0,1600.0,1600.0,42078.0,0,163,14458
329,56,44634,2281.41,33532.0,0,2424.8,1483.88,42385.0,0,218,25010
330,17,44843,2600.64,33532.0,0,2424.8,1483.88,42385.0,0,218,25010
331,14,44857,1796.05,33470.0,0,1056.88,1024.26,40785.0,0,241,23571
332,60,44613,445.63,32113.0,0,3000.0,3000.0,41255.0,0,199,8159
333,58,44613,342.7,27583.0,0,0.0,0.0,38542.0,0,304,3015
334,6,44857,8174.06,24307.0,0,994.82,994.82,38650.0,0,277,4030
335,6,44857,1109.61,24307.0,0,994.82,994.82,38650.0,0,277,4030
336,6,44857,1876.05,24307.0,0,994.82,994.82,38650.0,0,277,4030
337,6,44857,1967.58,24307.0,0,994.82,994.82,38650.0,0,277,4030
338,60,44613,632.33,33089.0,0,1320.0,1320.0,40111.0,0,313,12895
339,8,44857,2608.02,31368.0,0,0.0,0.0,42255.0,0,475,7299
340,6,44857,14292.84,19220.0,0,2360.0,2360.0,37851.0,0,64,8980
341,60,44613,7154.16,24201.0,0,0.0,0.0,41650.0,0,429,5723
342,14,44857,6413.83,24201.0,0,0.0,0.0,41650.0,0,429,5723
343,14,44857,6124.57,24201.0,0,0.0,0.0,41650.0,0,429,5723
344,17,44857,292.09,24201.0,0,0.0,0.0,41650.0,0,429,5723
345,21,44857,4010.81,24201.0,0,0.0,0.0,41650.0,0,429,5723
346,21,44857,3335.79,35193.0,0,0.0,0.0,42179.0,0,156,15556
347,17,44857,911.17,35193.0,0,0.0,0.0,42179.0,0,156,15556
348,17,44857,4725.79,35193.0,0,0.0,0.0,42179.0,0,156,15556
349,58,44613,8990.96,35193.0,0,0.0,0.0,42179.0,0,156,15556
350,56,44613,144.7,31921.0,0,0.0,0.0,39321.0,0,267,18383
351,8,44857,474.47,31364.0,0,0.0,0.0,39411.0,0,181,6737
352,8,44857,1266.67,31364.0,0,0.0,0.0,39411.0,0,181,6737
353,58,44613,1287.19,31364.0,0,0.0,0.0,39411.0,0,181,6737
354,56,44894,1362.87,27919.0,0,3108.02,2720.0,42683.0,0,126,3690
355,58,44613,1810.27,31300.0,0,0.0,0.0,40055.0,0,315,7250
356,56,44613,1281.97,31300.0,0,0.0,0.0,40055.0,0,315,7250
357,17,44857,1959.8,31300.0,0,0.0,0.0,40055.0,0,315,7250
358,56,44613,4493.91,33370.0,0,2230.0,1184.95,42170.0,0,241,23767
359,17,44843,1781.11,33370.0,0,2230.0,1184.95,42170.0,0,241,23767
360,5,44857,5501.73,33370.0,0,2230.0,1184.95,42170.0,0,241,23767
361,21,44857,987.06,33216.0,0,0.0,0.0,42175.0,0,221,24749
362,58,44613,1003.32,32369.0,0,0.0,0.0,41995.0,0,315,12859
363,60,44613,1054.59,24935.0,0,8613.57,8613.57,38279.0,0,132,16815
364,56,44634,1307.14,29336.0,0,0.0,0.0,38563.0,0,278,3170
365,21,44857,1064.68,29336.0,0,0.0,0.0,38563.0,0,278,3170
366,58,44613,4100.03,24879.0,0,0.0,0.0,41048.0,0,103,17495
367,58,44613,988.67,33912.0,0,930.97,767.51,41106.0,0,150,23942
368,16,44857,1321.89,33912.0,0,930.97,767.51,41106.0,0,150,23942
369,58,44613,895.54,33952.0,0,2130.0,2130.0,42085.0,0,151,22237
370,17,44857,1355.7,32681.0,0,1478.76,1478.76,40863.0,0,282,24806
371,58,44613,1427.21,32681.0,0,1478.76,1478.76,40863.0,0,282,24806
372,21,44857,2864.77,32681.0,0,1478.76,1478.76,40863.0,0,282,24806
373,60,44773,2583.96,34192.0,0,2911.1,2911.1,41792.0,0,278,24773
374,7,44857,288.43,30841.0,0,0.0,0.0,39561.0,0,374,6839
375,20,44843,542.36,28176.0,0,0.0,0.0,36232.0,0,304,5323
376,6,44857,4253.44,31773.0,0,1028.82,735.0,41339.0,0,151,8667
377,17,44857,13840.03,33422.0,0,2500.0,2186.43,41335.0,0,77,22629
378,21,44857,6011.91,33422.0,0,2500.0,2186.43,41335.0,0,77,22629
379,6,44857,2752.23,20823.0,0,0.0,0.0,36369.0,0,132,15772
380,6,44857,5953.62,20823.0,0,0.0,0.0,36369.0,0,132,15772
381,6,44857,5929.36,20823.0,0,0.0,0.0,36369.0,0,132,15772
382,6,44857,4350.87,20823.0,0,0.0,0.0,36369.0,0,132,15772
383,17,44857,1493.18,35425.0,0,0.0,0.0,41603.0,0,241,24376
384,60,44613,1207.17,19883.0,0,6124.48,3409.59,41101.0,0,131,9903
385,21,44857,1996.07,32119.0,0,6027.5,6027.5,42270.0,0,266,11530
386,21,44857,6089.28,32119.0,0,6027.5,6027.5,42270.0,0,266,11530
387,58,44613,6022.31,32119.0,0,6027.5,6027.5,42270.0,0,266,11530
388,17,44857,7089.74,32119.0,0,6027.5,6027.5,42270.0,0,266,11530
389,60,44613,4928.54,32119.0,0,6027.5,6027.5,42270.0,0,266,11530
390,58,44613,102.62,28465.0,0,0.0,0.0,39014.0,0,330,4058
391,17,44857,1240.74,14156.0,0,7620.93,3639.33,30410.0,0,131,3097
392,21,44857,8485.75,14156.0,0,7620.93,3639.33,30410.0,0,131,3097
393,5,44857,17889.04,14156.0,0,7620.93,3639.33,30410.0,0,131,3097
394,5,44857,2134.73,14156.0,0,7620.93,3639.33,30410.0,0,131,3097
395,58,44613,943.47,28407.0,0,0.0,0.0,38376.0,0,318,3527
396,14,44857,6637.22,33951.0,0,1541.83,1062.42,41780.0,0,240,22299
397,60,44613,2366.08,33951.0,0,1541.83,1062.42,41780.0,0,240,22299
398,60,44613,133.17,10030.0,0,12831.89,12831.89,35541.0,0,131,13266
399,16,44857,2964.41,29197.0,0,6800.0,6800.0,41821.0,0,131,5029
400,17,44857,667.39,11285.0,0,1664.71,1447.21,38749.0,0,276,22807
401,60,44613,2270.02,27063.0,0,0.0,0.0,43065.0,0,33,17597
402,17,44857,8761.39,28129.0,0,9777.22,6573.47,41517.0,0,136,3958
403,6,44857,7504.75,32334.0,0,1500.0,1500.0,42823.0,0,163,6268
404,6,44857,4444.31,16828.0,0,2194.0,2194.0,38951.0,0,278,12360
405,6,44857,4113.5,16828.0,0,2194.0,2194.0,38951.0,0,278,12360
406,60,44613,2688.82,27077.0,0,6666.66,6666.66,42394.0,0,265,3080
407,17,44857,2645.91,27077.0,0,6666.66,6666.66,42394.0,0,265,3080
408,58,44613,1421.42,31577.0,0,1580.88,1580.88,40162.0,0,132,7267
409,6,44857,6602.32,16218.0,0,0.0,0.0,41052.0,0,132,16803
410,6,44857,1492.21,16218.0,0,0.0,0.0,41052.0,0,132,16803
411,16,44857,20381.27,31996.0,0,0.0,0.0,39308.0,0,126,6022
412,58,44613,754.19,27956.0,0,0.0,0.0,41821.0,0,195,4744
413,17,44857,777.85,27956.0,0,0.0,0.0,41821.0,0,195,4744
414,58,44613,1322.0,31968.0,0,1772.0,1772.0,40589.0,0,304,6825
415,21,44857,411.21,37082.0,0,3350.0,3000.0,43395.0,0,318,18990
416,16,44857,777.87,18843.0,0,2041.7,1424.21,36607.0,0,132,15777
417,60,44613,1076.15,32047.0,0,1400.0,1400.0,40583.0,0,318,6186
418,17,44843,2798.69,35082.0,0,1531.6,1531.6,42536.0,0,151,24138
419,17,44610,747.18,32183.0,0,1923.0,898.36,43204.0,0,149,8357
420,56,44613,1211.14,31626.0,0,0.0,0.0,38199.0,0,150,5849
421,60,44613,2532.59,32175.0,0,0.0,0.0,42339.0,0,156,22283
422,58,44613,253.71,31041.0,0,3383.51,3383.51,39420.0,0,163,5856
423,17,44809,668.73,30656.0,0,0.0,0.0,42101.0,0,148,7636
424,6,44857,9317.39,31429.0,0,0.0,0.0,42151.0,0,238,6425
425,17,44857,4391.98,27635.0,0,0.0,0.0,40020.0,0,185,3468
426,21,44857,3856.94,27635.0,0,0.0,0.0,40020.0,0,185,3468
427,60,44613,905.09,31948.0,0,0.0,0.0,38440.0,0,249,6964
428,21,44857,1189.47,28545.0,0,937.0,937.0,40302.0,0,220,5550
429,60,44613,1106.63,28545.0,0,937.0,937.0,40302.0,0,220,5550
430,17,44857,1186.01,28545.0,0,937.0,937.0,40302.0,0,220,5550
431,6,44857,3974.73,28045.0,0,0.0,0.0,38363.0,0,125,4725
432,17,44914,231.02,14489.0,0,0.0,0.0,37052.0,0,277,13418
433,56,44613,868.04,29089.0,0,947.71,800.59,40894.0,0,191,4481
434,60,44613,252.96,32023.0,0,0.0,0.0,39097.0,0,136,14271
435,58,44613,973.0,36427.0,0,0.0,0.0,41471.0,0,282,11910
436,58,44613,4868.32,31701.0,0,1812.43,1570.56,42073.0,0,182,8205
437,5,44857,7001.73,31701.0,0,1812.43,1570.56,42073.0,0,182,8205
438,17,44857,1028.99,31701.0,0,1812.43,1570.56,42073.0,0,182,8205
439,60,44613,1994.94,33467.0,0,3208.33,3208.33,40943.0,0,267,25010
440,21,44857,3218.85,33467.0,0,3208.33,3208.33,40943.0,0,267,25010
441,16,44857,2128.84,33467.0,0,3208.33,3208.33,40943.0,0,267,25010
442,56,44613,851.97,24396.0,0,7212.67,3968.88,41924.0,0,132,17550
443,58,44613,6908.73,24396.0,0,7212.67,3968.88,41924.0,0,132,17550
444,58,44613,34.23,28234.0,0,4331.21,2719.28,38725.0,0,132,3837
445,21,44857,9779.94,28783.0,0,8000.0,8000.0,37030.0,0,267,4389
446,14,44857,30837.39,28783.0,0,8000.0,8000.0,37030.0,0,267,4389
447,17,44857,3476.12,28783.0,0,8000.0,8000.0,37030.0,0,267,4389
448,60,44613,976.73,28237.0,0,0.0,0.0,41183.0,0,163,4337
449,21,44857,1534.35,18418.0,0,998.0,998.0,36050.0,0,315,21605
450,21,44857,789.41,28071.0,0,0.0,0.0,37187.0,0,364,3552
451,58,44613,477.77,28071.0,0,0.0,0.0,37187.0,0,364,3552
452,16,44857,3791.57,32472.0,0,0.0,0.0,41164.0,0,238,14429
453,8,44857,3197.13,35363.0,0,0.0,0.0,42262.0,0,47,8997
454,56,44613,1775.76,31895.0,0,2955.0,2955.0,40797.0,0,394,18649
455,58,44613,1689.07,29893.0,0,3087.91,3087.91,38677.0,0,132,5949
456,16,44857,2902.18,18591.0,0,6618.77,5328.26,35935.0,0,277,25180
457,16,44857,20940.51,18591.0,0,6618.77,5328.26,35935.0,0,277,25180
458,6,44857,599.4,18591.0,0,6618.77,5328.26,35935.0,0,277,25180
459,5,44857,1012.44,18591.0,0,6618.77,5328.26,35935.0,0,277,25180
460,8,44857,4881.29,27917.0,0,0.0,0.0,42232.0,0,163,4027
461,60,44613,1084.86,13882.0,0,0.0,0.0,35098.0,0,277,13359
462,17,44843,2485.27,32601.0,0,0.0,0.0,42224.0,0,267,22603
463,56,44613,3339.35,31864.0,0,5000.0,5000.0,42889.0,0,264,6443
464,17,44843,3994.41,31864.0,0,5000.0,5000.0,42889.0,0,264,6443
465,58,44613,1151.89,34121.0,0,0.0,0.0,41805.0,0,163,1674
466,21,44857,1717.59,34121.0,0,0.0,0.0,41805.0,0,163,1674
467,17,44857,994.94,34121.0,0,0.0,0.0,41805.0,0,163,1674
468,60,44613,1397.61,33463.0,0,1200.0,1200.0,41682.0,0,182,21166
469,6,44857,926.58,15453.0,0,1747.5,1477.63,38503.0,0,278,5637
470,56,44919,606.0,22614.0,0,1579.5,1579.5,42597.0,0,205,2993
471,9,44857,314.89,33467.0,0,1500.0,1500.0,40364.0,0,199,24749
472,9,44857,314.89,33467.0,0,1500.0,1500.0,40364.0,0,199,24749
473,17,44914,374.78,30787.0,0,0.0,0.0,40405.0,0,151,7385
474,56,44613,1755.72,34159.0,0,2400.0,2400.0,43311.0,0,163,10480
475,17,44843,1380.92,34159.0,0,2400.0,2400.0,43311.0,0,163,10480
476,17,44857,2367.06,31242.0,0,0.0,0.0,39119.0,0,422,7301
477,56,44613,925.42,30427.0,0,0.0,0.0,39020.0,0,313,12906
478,16,44857,6068.68,28684.0,0,0.0,0.0,36442.0,0,377,5022
479,16,44857,6419.17,31015.0,0,1667.0,1667.0,41566.0,0,163,7703
480,16,44857,2780.37,19113.0,0,2362.67,1903.98,40856.0,0,277,10735
481,20,44857,535.75,31106.0,0,1900.0,1900.0,39379.0,0,282,6187
482,56,44919,1159.41,29092.0,0,954.0,877.68,39883.0,0,236,7685
483,21,44857,8355.52,16217.0,0,724.0,561.18,39587.0,0,277,25175
484,58,44613,3562.4,18259.0,0,4933.76,3409.55,42459.0,0,278,3886
485,58,44613,3875.22,32645.0,0,1874.4,1631.54,40840.0,0,243,25047
486,56,44699,860.84,31805.0,0,0.0,0.0,38824.0,0,315,12254
487,6,44650,4939.99,32716.0,0,4282.0,3694.14,40142.0,0,126,12176
488,17,44650,1527.66,32716.0,0,4282.0,3694.14,40142.0,0,126,12176
489,58,44613,1001.69,19315.0,0,3000.0,2200.0,39606.0,0,131,17861
490,17,44843,167.1,15596.0,0,2600.58,2600.58,39790.0,0,277,6639
491,56,44613,2723.66,32590.0,0,1579.28,1579.28,41916.0,0,151,12679
492,10,44857,4850.56,23949.0,0,0.0,0.0,36261.0,0,53,5854
493,17,44914,259.94,35871.0,0,1200.0,1200.0,41875.0,0,218,9628
494,58,44613,657.67,35401.0,0,1069.25,1069.25,42070.0,0,318,10334
495,17,44857,1382.02,23862.0,0,5000.0,4501.0,38536.0,0,394,469
496,17,44843,1812.06,33365.0,0,0.0,0.0,40762.0,0,181,24170
497,56,44613,1355.85,33365.0,0,0.0,0.0,40762.0,0,181,24170
498,58,44613,345.79,35639.0,0,0.0,0.0,42345.0,0,318,9105
499,17,44914,160.02,31405.0,0,6415.46,6415.46,39426.0,0,132,5374
500,17,44857,3091.41,15511.0,0,1989.45,1803.28,38081.0,0,277,3937
501,21,44857,2331.24,31249.0,0,0.0,0.0,40540.0,0,364,6130
502,17,44843,1763.07,31249.0,0,0.0,0.0,40540.0,0,364,6130
503,58,44613,1756.72,31249.0,0,0.0,0.0,40540.0,0,364,6130
504,16,44853,15647.36,7348.0,0,3462.77,2470.03,36912.0,0,276,14420
505,6,44857,5785.55,17948.0,0,0.0,0.0,37152.0,0,131,22424
506,58,44699,38.6,27544.0,0,0.0,0.0,41443.0,0,332,5140
507,17,44857,753.71,33762.0,0,2153.28,1841.49,41580.0,0,126,24572
508,56,44613,575.74,32631.0,0,0.0,0.0,40301.0,0,136,12654
509,58,44773,1846.9,28568.0,0,4751.19,3722.0,39778.0,0,64,2938
510,58,44613,1296.62,23768.0,0,3386.78,3386.78,35637.0,0,151,1475
511,14,44650,9980.37,31150.0,0,0.0,0.0,39684.0,0,304,24113
512,17,44843,691.98,32122.0,0,0.0,0.0,40336.0,0,236,7874
513,60,44613,415.83,31433.0,0,1588.0,1588.0,39006.0,0,240,13317
514,58,44613,826.05,31110.0,0,0.0,0.0,37790.0,0,151,8864
515,5,44857,639.85,32140.0,0,1529.0,1529.0,39979.0,0,240,12986
516,5,44857,3012.28,32140.0,0,1529.0,1529.0,39979.0,0,240,12986
517,58,44613,3869.76,32140.0,0,1529.0,1529.0,39979.0,0,240,12986
518,17,44857,1363.29,32140.0,0,1529.0,1529.0,39979.0,0,240,12986
519,21,44857,946.85,13626.0,0,8669.39,8650.38,34869.0,0,277,13612
520,5,44857,6505.51,13626.0,0,8669.39,8650.38,34869.0,0,277,13612
521,58,44613,6563.53,13626.0,0,8669.39,8650.38,34869.0,0,277,13612
522,17,44857,10600.66,13626.0,0,8669.39,8650.38,34869.0,0,277,13612
523,6,44857,237.95,28174.0,0,12789.67,8603.53,44116.0,0,132,3508
524,6,44857,1833.74,24287.0,0,1124.76,688.94,37919.0,0,195,3974
525,60,44613,256.55,24287.0,0,1124.76,688.94,37919.0,0,195,3974
526,58,44613,1488.68,24287.0,0,1124.76,688.94,37919.0,0,195,3974
527,9,44857,2181.83,28502.0,0,0.0,0.0,35298.0,0,333,3546
528,60,44613,1961.95,28502.0,0,0.0,0.0,35298.0,0,333,3546
529,60,44613,911.16,27764.0,0,0.0,0.0,39117.0,0,394,5490
530,14,44857,14168.39,28633.0,0,0.0,0.0,36575.0,0,136,12824
531,17,44857,4889.62,28633.0,0,0.0,0.0,36575.0,0,136,12824
532,17,44843,159.79,32633.0,0,1868.82,960.06,39412.0,0,151,24114
533,15,44857,31120.76,23087.0,0,0.0,0.0,36555.0,0,277,21772
534,58,44613,1661.78,28735.0,0,0.0,0.0,37874.0,0,151,5767
535,58,44613,3165.82,33256.0,0,2500.0,2500.0,40651.0,0,149,24573
536,16,44857,8588.62,27197.0,0,0.0,0.0,39294.0,0,264,5201
537,17,44843,1170.56,33316.0,0,0.0,0.0,41895.0,0,315,10031
538,21,44857,2661.42,33316.0,0,0.0,0.0,41895.0,0,315,10031
539,20,44843,538.78,31505.0,0,0.0,0.0,37816.0,0,199,5899
540,16,44857,11015.32,32420.0,0,10000.0,10000.0,41346.0,0,163,11909
541,6,44857,8368.86,33671.0,0,1469.1,1282.0,42380.0,0,191,22296
542,17,44853,1298.18,33935.0,0,0.0,0.0,39378.0,0,155,22263
543,60,44613,1948.08,31237.0,0,1590.87,1590.87,38598.0,0,132,6649
544,5,44857,670.72,31272.0,0,1750.0,1750.0,40042.0,0,126,3540
545,5,44857,2360.4,31272.0,0,1750.0,1750.0,40042.0,0,126,3540
546,17,44857,2501.06,31272.0,0,1750.0,1750.0,40042.0,0,126,3540
547,56,44613,632.04,27582.0,0,2100.0,2100.0,41114.0,0,126,3090
548,58,44613,274.43,26540.0,0,0.0,0.0,36610.0,0,156,7990
549,58,44613,628.81,26540.0,0,0.0,0.0,36610.0,0,156,7990
550,21,44857,715.99,26540.0,0,0.0,0.0,36610.0,0,156,7990
551,17,44843,581.44,26540.0,0,0.0,0.0,36610.0,0,156,7990
552,58,44613,1631.45,33849.0,0,2500.0,2170.17,41311.0,0,199,12860
553,56,44613,1617.11,32373.0,0,5400.0,5400.0,40778.0,0,182,22457
554,17,44843,1714.96,32373.0,0,5400.0,5400.0,40778.0,0,182,22457
555,3,44857,2225.35,28516.0,0,0.0,0.0,41015.0,0,277,12747
556,60,44613,6989.15,24335.0,0,7644.15,5143.32,40140.0,0,132,1829
557,17,44843,556.24,32754.0,0,0.0,0.0,41594.0,0,151,13307
558,58,44699,1515.08,32754.0,0,0.0,0.0,41594.0,0,151,13307
559,60,44613,1111.68,27140.0,0,2522.0,2227.67,37643.0,0,151,4589
560,56,44613,847.91,27140.0,0,2522.0,2227.67,37643.0,0,151,4589
561,14,44857,1226.14,32951.0,0,170.0,170.0,40744.0,0,151,24248
562,58,44699,2562.23,31483.0,0,3500.0,3500.0,41813.0,0,359,8091
563,17,44857,2242.92,31114.0,0,5028.11,4845.59,39200.0,0,132,8131
564,58,44613,1388.06,32587.0,0,0.0,0.0,39215.0,0,240,24588
565,17,44857,1405.03,32587.0,0,0.0,0.0,39215.0,0,240,24588
566,16,44857,1363.98,32270.0,0,0.0,0.0,32657.0,0,136,13009
567,56,44894,1020.39,35005.0,0,0.0,0.0,43995.0,0,315,17659
568,21,44857,1251.79,33202.0,0,0.0,0.0,41742.0,0,156,24694
569,17,44857,2113.39,33202.0,0,0.0,0.0,41742.0,0,156,24694
570,56,44613,2161.91,33202.0,0,0.0,0.0,41742.0,0,156,24694
571,21,44857,597.31,31579.0,0,0.0,0.0,42009.0,0,132,6964
572,5,44857,6681.97,31579.0,0,0.0,0.0,42009.0,0,132,6964
573,5,44857,673.0,31579.0,0,0.0,0.0,42009.0,0,132,6964
574,58,44613,1831.77,31579.0,0,0.0,0.0,42009.0,0,132,6964
575,17,44857,1294.98,31579.0,0,0.0,0.0,42009.0,0,132,6964
576,14,44857,16731.96,33320.0,0,1800.0,1800.0,41468.0,0,234,22685
577,60,44613,1518.41,24047.0,0,2683.1,2539.05,38495.0,0,374,26706
578,6,44857,422.8,22667.0,0,0.0,0.0,41442.0,0,277,14083
579,6,44857,6783.95,22667.0,0,0.0,0.0,41442.0,0,277,14083
580,16,44857,2005.75,32131.0,0,2179.08,1442.51,41832.0,0,73,13301
581,56,44613,1300.25,18348.0,0,0.0,0.0,42891.0,0,277,4251
582,58,44613,3441.52,32493.0,0,2188.23,1976.03,39503.0,0,64,13253
583,16,44857,1138.33,35161.0,0,1527.0,1527.0,41846.0,0,267,23399
584,17,44857,567.42,9731.0,0,1496.33,1315.35,33702.0,0,277,25728
585,56,44613,1183.08,24311.0,0,0.0,0.0,41945.0,0,277,16788
586,58,44699,35.66,27405.0,0,400.0,400.0,38542.0,0,278,3137
587,58,44613,664.25,28236.0,0,2988.0,2988.0,40968.0,0,151,5798
588,17,44914,2722.73,18529.0,0,13791.2,4407.74,41860.0,0,129,595
589,58,44856,870.54,27347.0,0,0.0,0.0,41651.0,0,163,3126
590,60,44613,42.67,31521.0,0,0.0,0.0,39651.0,0,370,13989
591,60,44856,1334.05,31353.0,0,0.0,0.0,39097.0,0,199,3432
592,60,44613,59.67,25239.0,0,2327.55,2275.6,34610.0,0,278,4458
593,6,44857,7454.28,11416.0,0,2071.74,2030.98,37153.0,0,408,2952
594,17,44857,3427.0,15867.0,0,0.0,0.0,39320.0,0,269,3911
595,60,44803,4794.85,32586.0,0,3694.77,3694.77,41968.0,0,126,12318
596,60,44613,38.66,16425.0,0,4500.0,4500.0,38620.0,0,277,8033
597,58,44613,91.76,16425.0,0,4500.0,4500.0,38620.0,0,277,8033
598,56,44613,874.52,33124.0,0,0.0,0.0,42028.0,0,151,24985
599,17,44857,639.71,33124.0,0,0.0,0.0,42028.0,0,151,24985
600,6,44857,13491.05,32131.0,0,3632.2,3632.2,38245.0,0,47,8329
601,6,44857,599.03,32131.0,0,3632.2,3632.2,38245.0,0,47,8329
602,6,44857,410.53,32131.0,0,3632.2,3632.2,38245.0,0,47,8329
603,6,44857,16096.42,32131.0,0,3632.2,3632.2,38245.0,0,47,8329
604,17,44843,2588.22,32131.0,0,3632.2,3632.2,38245.0,0,47,8329
605,58,44613,1186.26,21629.0,0,1950.0,1906.0,40692.0,0,100,1523
606,16,44857,8273.75,21629.0,0,1950.0,1906.0,40692.0,0,100,1523
607,60,44613,1215.26,34336.0,0,0.0,0.0,40940.0,0,220,6214
608,56,44634,1627.34,33039.0,0,3118.84,3118.84,39333.0,0,136,22682
609,17,44857,1917.26,33218.0,0,0.0,0.0,39615.0,0,360,8160
610,58,44613,512.26,27555.0,0,0.0,0.0,39600.0,0,185,3151
611,6,44857,3732.16,15237.0,0,0.0,0.0,39208.0,0,277,3258
612,58,44613,196.08,17399.0,0,2139.97,2139.97,40156.0,0,277,18807
613,6,44857,9253.14,27727.0,0,4000.0,4000.0,41294.0,0,199,5047
614,60,44613,4675.27,19400.0,0,0.0,0.0,35553.0,0,317,20963
615,16,44857,20955.71,19400.0,0,0.0,0.0,35553.0,0,317,20963
616,16,44857,2003.64,19400.0,0,0.0,0.0,35553.0,0,317,20963
617,6,44857,1041.06,33050.0,0,0.0,0.0,41673.0,0,247,25032
618,17,44914,623.48,33416.0,0,0.0,0.0,42563.0,0,315,14351
619,15,44857,447.12,31414.0,0,3556.0,3556.0,38017.0,0,182,7835
620,6,44650,4026.85,28336.0,0,7593.73,3727.1,37549.0,0,132,3249
621,6,44650,5253.03,28336.0,0,7593.73,3727.1,37549.0,0,132,3249
622,56,44634,911.4,36651.0,0,1045.0,961.0,41681.0,0,241,10681
623,58,44613,4407.61,19257.0,0,0.0,0.0,37311.0,0,277,20704
624,17,44853,569.96,28721.0,0,2139.05,869.03,38171.0,0,199,7013
625,6,44857,1572.94,18152.0,0,2249.95,2249.95,37415.0,0,277,25949
626,6,44857,3202.67,14304.0,0,0.0,0.0,38454.0,0,277,5274
627,17,44857,1229.56,32541.0,0,0.0,0.0,40008.0,0,233,22212
628,16,44610,897.4,32247.0,0,0.0,0.0,39236.0,0,220,12334
629,1,44914,3889.96,28802.0,0,1798.01,1798.01,44044.0,0,359,4447
630,58,44613,1193.41,32185.0,0,0.0,0.0,38770.0,0,155,13295
631,56,44613,1070.53,32185.0,0,0.0,0.0,38770.0,0,155,13295
632,17,44857,1852.99,32185.0,0,0.0,0.0,38770.0,0,155,13295
633,17,44857,1257.43,33440.0,0,2.0,2.0,42126.0,0,241,24779
634,58,44613,705.06,36413.0,0,0.0,0.0,42098.0,0,318,9008
635,16,44857,29903.81,24172.0,0,8158.41,6535.83,38552.0,0,125,805
636,21,44857,1107.73,24040.0,0,3869.75,2565.57,35935.0,0,132,1973
637,5,44857,12090.51,24040.0,0,3869.75,2565.57,35935.0,0,132,1973
638,5,44857,4897.42,24040.0,0,3869.75,2565.57,35935.0,0,132,1973
639,56,44613,1136.16,32875.0,0,2673.45,1591.73,42240.0,0,241,21955
640,60,44613,1344.01,32875.0,0,2673.45,1591.73,42240.0,0,241,21955
641,56,44613,1011.17,24088.0,0,0.0,0.0,43373.0,0,156,2069
642,6,44857,25301.96,33870.0,0,3361.09,2550.0,41744.0,0,244,25107
643,6,44857,7935.56,33870.0,0,3361.09,2550.0,41744.0,0,244,25107
644,17,44857,872.22,28059.0,0,0.0,0.0,41990.0,0,315,5278
645,10,44857,27869.28,27737.0,0,0.0,0.0,38109.0,0,304,3460
646,16,44857,11510.35,31857.0,0,4091.0,4091.0,38417.0,0,241,5865
647,60,44613,2292.63,31857.0,0,4091.0,4091.0,38417.0,0,241,5865
648,60,44613,2310.08,27905.0,0,4235.06,2271.86,40968.0,0,131,7459
649,17,44843,4321.91,23640.0,0,3671.13,3328.28,38941.0,0,277,1252
650,56,44613,1268.38,35218.0,0,0.0,0.0,43359.0,0,442,15832
651,60,44613,2274.43,23607.0,0,0.0,0.0,38041.0,0,131,8351
652,17,44843,2726.13,23607.0,0,0.0,0.0,38041.0,0,131,8351
653,56,44613,1335.26,33394.0,0,0.0,0.0,41451.0,0,240,25015
654,58,44613,10619.67,31833.0,0,0.0,0.0,41750.0,0,191,6425
655,17,44857,2161.59,31833.0,0,0.0,0.0,41750.0,0,191,6425
656,58,44613,1546.03,34172.0,0,0.0,0.0,41447.0,0,163,14393
657,60,44613,38.1,34172.0,0,0.0,0.0,41447.0,0,163,14393
658,56,44613,1415.98,36718.0,0,0.0,0.0,43611.0,0,315,11563
659,21,44857,2168.33,22629.0,0,1017.0,1017.0,37094.0,0,131,1193
660,7,44857,1122.06,31126.0,0,0.0,0.0,38637.0,0,325,7252
661,21,44857,3951.45,27871.0,0,0.0,0.0,41122.0,0,156,5436
662,17,44857,2177.51,27871.0,0,0.0,0.0,41122.0,0,156,5436
663,17,44857,415.86,33884.0,0,0.0,0.0,40772.0,0,195,24813
664,58,44613,1171.89,31962.0,0,5330.0,4521.22,39337.0,0,136,13303
665,17,44610,2884.33,31962.0,0,5330.0,4521.22,39337.0,0,136,13303
666,14,44857,6780.11,31962.0,0,5330.0,4521.22,39337.0,0,136,13303
667,16,44857,6440.87,27663.0,0,2800.0,2800.0,37388.0,0,69,4175
668,60,44699,2343.46,27663.0,0,2800.0,2800.0,37388.0,0,69,4175
669,6,44857,30474.39,10835.0,0,7663.0,7663.0,30818.0,0,275,2994
670,56,44613,1987.98,27642.0,0,0.0,0.0,40251.0,0,315,4482
671,6,44857,1556.99,13704.0,0,788.0,584.7,35050.0,0,278,1158
672,58,44613,2315.59,24235.0,0,0.0,0.0,36680.0,0,195,1155
673,58,44856,1741.01,32513.0,0,0.0,0.0,43985.0,0,241,22840
674,60,44613,331.17,32498.0,0,0.0,0.0,39232.0,0,151,14400
675,56,44613,382.24,23712.0,0,1751.19,1751.19,37878.0,0,242,15262
676,6,44857,4908.47,23712.0,0,1751.19,1751.19,37878.0,0,242,15262
677,21,44857,1442.67,17866.0,0,3232.59,2465.98,38013.0,0,131,16573
678,21,44857,1175.79,17866.0,0,3232.59,2465.98,38013.0,0,131,16573
679,16,44610,209.33,31647.0,0,927.16,927.16,39151.0,0,132,8286
680,56,44613,1737.45,36008.0,0,0.0,0.0,43264.0,0,348,15479
681,60,44613,1559.96,23741.0,0,0.0,0.0,41377.0,0,246,1473
682,21,44857,3573.35,21815.0,0,756.98,756.98,36359.0,0,277,1476
683,58,44613,2028.06,29077.0,0,1134.65,1049.04,40720.0,0,151,7764
684,56,44613,1172.61,29077.0,0,1134.65,1049.04,40720.0,0,151,7764
685,6,44857,1111.3,11970.0,0,813.09,584.0,34673.0,0,277,1473
686,6,44857,545.64,11970.0,0,813.09,584.0,34673.0,0,277,1473
687,6,44857,1044.89,11970.0,0,813.09,584.0,34673.0,0,277,1473
688,6,44857,484.78,11970.0,0,813.09,584.0,34673.0,0,277,1473
689,6,44857,377.8,11970.0,0,813.09,584.0,34673.0,0,277,1473
690,60,44613,1238.83,33638.0,0,0.0,0.0,39721.0,0,267,24608
691,17,44857,2733.43,33638.0,0,0.0,0.0,39721.0,0,267,24608
692,58,44613,16699.53,17590.0,0,0.0,0.0,31006.0,0,220,17815
693,21,44857,1670.19,35308.0,0,2000.0,2000.0,41931.0,0,241,25136
694,17,44857,1371.25,35308.0,0,2000.0,2000.0,41931.0,0,241,25136
695,17,44857,1342.86,32586.0,0,1700.0,1500.0,39924.0,0,64,13914
696,58,44613,998.53,31975.0,0,0.0,0.0,38712.0,0,429,12156
697,16,44857,4424.88,27952.0,0,1610.0,1610.0,41394.0,0,136,5323
698,60,44919,1609.96,32770.0,0,0.0,0.0,39855.0,0,244,25210
699,56,44919,3045.89,28098.0,0,2334.33,2334.33,41164.0,0,149,4940
700,5,44857,8977.42,28098.0,0,2334.33,2334.33,41164.0,0,149,4940
701,6,44857,3777.63,19871.0,0,1703.88,1156.31,37059.0,0,131,15783
702,56,44613,1616.27,36274.0,0,4000.0,4000.0,43438.0,0,163,20808
703,14,44857,6110.84,30016.0,0,2400.0,2400.0,41721.0,0,359,27506
704,56,44613,827.25,20791.0,0,0.0,0.0,40672.0,0,278,4535
705,56,44699,388.65,36956.0,0,1350.0,708.3,43449.0,0,151,15576
706,58,44613,5864.39,28280.0,0,0.0,0.0,37795.0,0,242,4699
707,6,44857,5313.35,27977.0,0,0.0,0.0,37811.0,0,318,3137
708,60,44613,4390.44,25445.0,0,1520.93,1042.43,38495.0,0,132,5047
709,58,44853,1293.26,34513.0,0,1800.0,1800.0,41283.0,0,132,22833
710,56,44856,4851.76,34513.0,0,1800.0,1800.0,41283.0,0,132,22833
711,17,44838,1906.95,34513.0,0,1800.0,1800.0,41283.0,0,132,22833
712,60,44613,1598.93,27453.0,0,1700.0,1700.0,40743.0,0,151,4503
713,17,44857,1220.79,28099.0,0,7000.0,7000.0,43085.0,0,198,4472
714,58,44613,4885.56,28099.0,0,7000.0,7000.0,43085.0,0,198,4472
715,60,44613,5260.21,28099.0,0,7000.0,7000.0,43085.0,0,198,4472
716,14,44857,8983.99,28888.0,0,4924.41,3302.11,37335.0,0,152,3964
717,6,44857,3028.96,35472.0,0,957.0,445.44,42077.0,0,218,9930
718,17,44610,1173.35,35730.0,0,5000.0,5000.0,42480.0,0,73,15349
719,58,44613,9049.75,23706.0,0,14735.06,8742.68,38375.0,0,131,2727
720,21,44857,30609.93,23706.0,0,14735.06,8742.68,38375.0,0,131,2727
721,5,44857,17963.93,23706.0,0,14735.06,8742.68,38375.0,0,131,2727
722,5,44857,6026.19,23706.0,0,14735.06,8742.68,38375.0,0,131,2727
723,17,44843,7174.01,23706.0,0,14735.06,8742.68,38375.0,0,131,2727
724,58,44613,186.36,23308.0,0,0.0,0.0,41947.0,0,278,379
725,60,44613,297.61,23308.0,0,0.0,0.0,41947.0,0,278,379
726,17,44857,544.16,33249.0,0,1080.84,601.0,39413.0,0,380,22833
727,56,44613,4491.86,17003.0,0,14574.18,6798.08,33538.0,0,277,22013
728,58,44613,5361.79,17003.0,0,14574.18,6798.08,33538.0,0,277,22013
729,60,44613,8579.03,17003.0,0,14574.18,6798.08,33538.0,0,277,22013
730,16,44857,65690.79,17003.0,0,14574.18,6798.08,33538.0,0,277,22013
731,16,44857,8871.87,17003.0,0,14574.18,6798.08,33538.0,0,277,22013
732,14,44857,4533.63,31909.0,0,0.0,0.0,41731.0,0,238,6982
733,58,44613,42.15,33475.0,0,0.0,0.0,40253.0,0,313,22842
734,5,44857,12614.37,32895.0,0,5000.0,5000.0,40762.0,0,240,24597
735,1,44853,4275.15,32895.0,0,5000.0,5000.0,40762.0,0,240,24597
736,60,44613,8231.01,32895.0,0,5000.0,5000.0,40762.0,0,240,24597
737,60,44919,11242.87,25789.0,0,0.0,0.0,40197.0,0,163,18602
738,21,44888,26268.23,25789.0,0,0.0,0.0,40197.0,0,163,18602
739,16,44857,3480.16,27511.0,0,0.0,0.0,41440.0,0,377,4024
740,58,44613,4269.51,31978.0,0,0.0,0.0,41707.0,0,47,13374
741,17,44857,605.99,35925.0,0,0.0,0.0,43912.0,0,148,11438
742,21,44857,3264.57,35925.0,0,0.0,0.0,43912.0,0,148,11438
743,5,44857,6326.34,35925.0,0,0.0,0.0,43912.0,0,148,11438
744,58,44613,2614.49,32549.0,0,0.0,0.0,39091.0,0,282,13266
745,16,44857,41451.83,24020.0,0,0.0,0.0,40278.0,0,429,10486
746,17,44650,2576.71,32288.0,0,0.0,0.0,41980.0,0,240,12566
747,56,44613,2441.37,32288.0,0,0.0,0.0,41980.0,0,240,12566
748,20,44843,182.1,28408.0,0,0.0,0.0,40274.0,0,476,12640
749,58,44613,2514.22,28686.0,0,2000.0,2000.0,37317.0,0,136,4159
750,21,44857,1156.69,32356.0,0,904.29,839.6,39908.0,0,240,12922
751,14,44857,3433.47,34482.0,0,0.0,0.0,39106.0,0,126,25053
752,58,44613,336.9,34482.0,0,0.0,0.0,39106.0,0,126,25053
753,21,44857,241.71,23644.0,0,0.0,0.0,37468.0,0,304,17341
754,56,44613,1092.68,28467.0,0,0.0,0.0,38882.0,0,303,5433
755,6,44857,2447.83,20527.0,0,4103.29,3458.94,39512.0,0,132,11566
756,17,44843,1776.25,20527.0,0,4103.29,3458.94,39512.0,0,132,11566
757,58,44613,1658.65,28372.0,0,0.0,0.0,39993.0,0,233,5049
758,17,44843,2359.78,28372.0,0,0.0,0.0,39993.0,0,233,5049
759,58,44613,1306.39,24322.0,0,0.0,0.0,37102.0,0,304,17509
760,17,44843,1422.55,20729.0,0,892.08,892.08,37584.0,0,278,13860
761,6,44857,7269.94,32116.0,0,0.0,0.0,39424.0,0,233,12863
762,58,44613,1035.12,28539.0,0,1965.3,1188.34,38103.0,0,132,6972
763,20,44888,217.59,28662.0,0,0.0,0.0,40804.0,0,476,8670
764,17,44857,2363.03,34467.0,0,1000.0,1000.0,42232.0,0,163,24227
765,58,44613,2397.78,34467.0,0,1000.0,1000.0,42232.0,0,163,24227
766,58,44613,5594.32,33001.0,0,0.0,0.0,41073.0,0,266,13396
767,14,44857,14314.89,33001.0,0,0.0,0.0,41073.0,0,266,13396
768,56,44919,2387.8,28650.0,0,0.0,0.0,39952.0,0,367,3120
769,60,44613,5110.11,32573.0,0,0.0,0.0,40694.0,0,205,22585
770,58,44613,3690.26,24506.0,0,3327.22,2329.07,37489.0,0,277,15701
771,21,44857,4330.04,32099.0,0,937.0,937.0,42193.0,0,313,13386
772,58,44613,1130.07,14927.0,0,1637.93,1637.93,37368.0,0,277,1111
773,58,44613,873.67,28242.0,0,0.0,0.0,41818.0,0,249,4946
774,14,44857,25116.83,28242.0,0,0.0,0.0,41818.0,0,249,4946
775,60,44613,1288.5,28242.0,0,0.0,0.0,41818.0,0,249,4946
776,5,44857,4509.83,31196.0,0,1071.0,1071.0,40236.0,0,132,8331
777,56,44613,1384.77,31196.0,0,1071.0,1071.0,40236.0,0,132,8331
778,17,44622,454.86,31196.0,0,1071.0,1071.0,40236.0,0,132,8331
779,17,44857,1218.16,33496.0,0,0.0,0.0,42127.0,0,151,24136
780,58,44613,407.04,29409.0,0,605.0,605.0,38091.0,0,41,8367
781,58,44613,703.38,31062.0,0,2416.75,2416.75,38425.0,0,163,8360
782,56,44613,711.44,32306.0,0,0.0,0.0,40709.0,0,76,22833
783,21,44857,1065.75,32306.0,0,0.0,0.0,40709.0,0,76,22833
784,17,44857,1288.05,32306.0,0,0.0,0.0,40709.0,0,76,22833
785,58,44773,1345.52,17449.0,0,0.0,0.0,33610.0,0,304,14912
786,17,44857,1496.49,24505.0,0,0.0,0.0,40691.0,0,240,16966
787,58,44773,152.83,34219.0,0,0.0,0.0,41099.0,0,241,24667
788,58,44613,1044.35,28231.0,0,0.0,0.0,40428.0,0,198,3468
789,16,44857,719.07,28087.0,0,1000.0,1000.0,38319.0,0,304,5425
790,56,44699,2271.71,23835.0,0,2903.76,2256.62,37859.0,0,126,15744
791,17,44857,556.01,23835.0,0,2903.76,2256.62,37859.0,0,126,15744
792,21,44857,11966.9,23835.0,0,2903.76,2256.62,37859.0,0,126,15744
793,5,44857,5801.51,23835.0,0,2903.76,2256.62,37859.0,0,126,15744
794,58,44613,6609.71,20702.0,0,21812.8,13060.77,41224.0,0,131,1749
795,60,44613,1939.42,24624.0,0,2074.89,1835.51,39665.0,0,132,15165
796,21,44857,969.66,24624.0,0,2074.89,1835.51,39665.0,0,132,15165
797,8,44857,1466.41,28584.0,0,0.0,0.0,40755.0,0,47,3963
798,8,44857,1563.87,28584.0,0,0.0,0.0,40755.0,0,47,3963
799,16,44857,792.51,32541.0,0,4900.0,4900.0,39082.0,0,156,13855
800,60,44613,1264.6,32541.0,0,4900.0,4900.0,39082.0,0,156,13855
801,17,44857,1410.6,32541.0,0,4900.0,4900.0,39082.0,0,156,13855
802,60,44613,1482.67,11278.0,0,6381.39,6320.28,37839.0,0,277,18078
803,20,44843,1059.99,31778.0,0,0.0,0.0,38362.0,0,282,7629
804,17,44843,1848.5,32177.0,0,0.0,0.0,41367.0,0,132,22922
805,6,44857,21365.81,32177.0,0,0.0,0.0,41367.0,0,132,22922
806,58,44613,317.75,23748.0,0,2753.73,2753.73,37500.0,0,277,12457
807,6,44857,772.28,23748.0,0,2753.73,2753.73,37500.0,0,277,12457
808,56,44613,5627.45,29043.0,0,0.0,0.0,43024.0,0,158,3182
809,58,44613,7279.61,29043.0,0,0.0,0.0,43024.0,0,158,3182
810,17,44843,3551.81,29043.0,0,0.0,0.0,43024.0,0,158,3182
811,60,44613,5230.19,29043.0,0,0.0,0.0,43024.0,0,158,3182
812,61,44613,4034.16,29043.0,0,0.0,0.0,43024.0,0,158,3182
813,58,44856,1638.31,23163.0,0,3500.0,3500.0,36421.0,0,233,15623
814,17,44843,567.13,31862.0,0,1100.0,1100.0,39907.0,0,132,12673
815,16,44857,905.99,30709.0,0,0.0,0.0,40037.0,0,362,22475
816,16,44857,9227.9,35135.0,0,0.0,0.0,42283.0,0,240,22679
817,56,44894,5282.22,23665.0,0,10584.06,8186.48,37660.0,0,132,15527
818,58,44853,1303.57,23665.0,0,10584.06,8186.48,37660.0,0,132,15527
819,17,44857,1866.42,29501.0,0,5000.0,5000.0,41847.0,0,238,3062
820,60,44613,1055.71,29501.0,0,5000.0,5000.0,41847.0,0,238,3062
821,14,44857,10657.52,29501.0,0,5000.0,5000.0,41847.0,0,238,3062
822,58,44613,1053.02,29501.0,0,5000.0,5000.0,41847.0,0,238,3062
823,16,44857,375.14,36253.0,0,0.0,0.0,42872.0,0,132,11440
824,56,44853,626.65,28312.0,0,1688.69,1688.69,38824.0,0,315,3670
825,16,44857,8745.58,32160.0,0,1600.0,1350.0,41891.0,0,244,7644
826,7,44857,1568.68,35514.0,0,0.0,0.0,42217.0,0,318,15245
827,6,44857,5738.33,24381.0,0,0.0,0.0,41284.0,0,277,24163
828,21,44610,968.3,28751.0,0,0.0,0.0,39608.0,0,199,5741
829,16,44610,878.12,28751.0,0,0.0,0.0,39608.0,0,199,5741
830,21,44857,856.61,27367.0,0,895.0,895.0,40475.0,0,151,3567
831,17,44857,835.53,29730.0,0,0.0,0.0,41288.0,0,238,14340
832,5,44857,3223.09,34137.0,0,2286.23,1867.66,43396.0,0,73,22321
833,17,44843,1600.93,34137.0,0,2286.23,1867.66,43396.0,0,73,22321
834,56,44613,1695.25,28946.0,0,2888.77,2888.77,37517.0,0,233,5458
835,21,44857,2885.51,28946.0,0,2888.77,2888.77,37517.0,0,233,5458
836,17,44857,1234.22,28946.0,0,2888.77,2888.77,37517.0,0,233,5458
837,16,44857,1942.78,33486.0,0,6894.62,4804.35,42521.0,0,151,23941
838,60,44894,1611.58,36951.0,0,0.0,0.0,43691.0,0,429,15412
839,8,44857,6277.14,36951.0,0,0.0,0.0,43691.0,0,429,15412
840,10,44857,25669.45,31952.0,0,0.0,0.0,38570.0,0,325,25955
841,60,44613,430.06,31952.0,0,0.0,0.0,38570.0,0,325,25955
842,58,44613,770.25,31952.0,0,0.0,0.0,38570.0,0,325,25955
843,58,44613,484.87,31952.0,0,0.0,0.0,38570.0,0,325,25955
844,17,44857,579.81,15068.0,0,694.0,694.0,33020.0,0,277,4792
845,14,44857,9812.08,25237.0,0,3500.0,3500.0,41288.0,0,198,15325
846,58,44613,2557.87,29985.0,0,0.0,0.0,38111.0,0,315,6726
847,21,44857,287.23,29985.0,0,0.0,0.0,38111.0,0,315,6726
848,21,44857,285.56,29985.0,0,0.0,0.0,38111.0,0,315,6726
849,21,44857,908.14,29985.0,0,0.0,0.0,38111.0,0,315,6726
850,21,44857,832.42,34223.0,0,0.0,0.0,41289.0,0,332,24858
851,58,44613,660.81,34223.0,0,0.0,0.0,41289.0,0,332,24858
852,60,44613,256.59,34223.0,0,0.0,0.0,41289.0,0,332,24858
853,17,44857,1152.4,34223.0,0,0.0,0.0,41289.0,0,332,24858
854,58,44613,1022.84,33585.0,0,0.0,0.0,42045.0,0,358,11674
855,8,44857,400.39,30453.0,0,0.0,0.0,42632.0,0,313,14327
856,8,44857,2103.57,30453.0,0,0.0,0.0,42632.0,0,313,14327
857,58,44613,3500.2,32742.0,0,26400.0,1760.0,39508.0,0,264,12809
858,6,44857,6369.05,14709.0,0,678.0,531.34,41125.0,0,380,5661
859,6,44857,4246.28,23599.0,0,1840.43,642.32,44041.0,0,218,6713
860,21,44857,418.52,25476.0,0,0.0,0.0,41666.0,0,207,758
861,22,44857,15583.64,25476.0,0,0.0,0.0,41666.0,0,207,758
862,17,44857,1446.98,25476.0,0,0.0,0.0,41666.0,0,207,758
863,5,44857,333.09,16495.0,0,1541.91,1541.91,38474.0,0,277,27747
864,58,44613,1293.22,29229.0,0,0.0,0.0,43652.0,0,331,5508
865,21,44857,2089.25,29229.0,0,0.0,0.0,43652.0,0,331,5508
866,17,44857,1463.65,29229.0,0,0.0,0.0,43652.0,0,331,5508
867,58,44613,3696.66,28310.0,0,3421.84,2847.0,36346.0,0,249,5464
868,17,44857,2750.62,28310.0,0,3421.84,2847.0,36346.0,0,249,5464
869,6,44857,8264.86,35164.0,0,0.0,0.0,42414.0,0,277,24819
870,58,44613,979.13,28745.0,0,0.0,0.0,41407.0,0,240,5413
871,5,44857,5861.76,28745.0,0,0.0,0.0,41407.0,0,240,5413
872,56,44613,891.34,24237.0,0,3310.05,3310.05,38059.0,0,304,21403
873,17,44914,1224.49,36729.0,0,0.0,0.0,43927.0,0,47,10629
874,58,44613,3256.31,23870.0,0,2629.22,2223.62,43268.0,0,132,328
875,14,44857,5325.89,31544.0,0,1300.0,1300.0,38490.0,0,168,8674
876,8,44857,245.1,35560.0,0,0.0,0.0,42487.0,0,333,9306
877,17,44857,513.96,27941.0,0,0.0,0.0,39726.0,0,249,3186
878,6,44857,1915.98,29000.0,0,3200.0,3200.0,41828.0,0,163,3097
879,14,44857,14887.45,31411.0,0,0.0,0.0,38250.0,0,327,6518
880,6,44857,2166.25,18197.0,0,0.0,0.0,40155.0,0,277,24814
881,56,44613,1660.59,27937.0,0,1950.51,1950.51,39561.0,0,240,5669
882,8,44857,4532.07,30913.0,0,0.0,0.0,38510.0,0,304,6151
883,10,44857,36313.92,29061.0,0,0.0,0.0,38402.0,0,240,4418
884,58,44613,675.75,28714.0,0,2500.0,2500.0,37368.0,0,76,3915
885,17,44857,345.75,28714.0,0,2500.0,2500.0,37368.0,0,76,3915
886,16,44857,5351.43,28949.0,0,1200.0,1200.0,40201.0,0,191,4542
887,56,44894,888.23,28691.0,0,0.0,0.0,43942.0,0,475,4521
888,14,44857,22742.68,29231.0,0,2833.75,2793.83,39652.0,0,155,4998
889,15,44857,1770.73,31143.0,0,4250.0,4250.0,39469.0,0,132,6593
890,17,44857,689.98,34560.0,0,0.0,0.0,42234.0,0,318,21284
891,6,44857,5251.69,12158.0,0,2069.07,1449.49,38157.0,0,277,143
892,6,44857,1102.48,19510.0,0,678.0,491.5,41255.0,0,277,181
893,60,44613,3864.24,28008.0,0,0.0,0.0,40090.0,0,357,3963
894,5,44857,4649.54,36881.0,0,1255.94,1141.58,43555.0,0,241,20043
895,60,44613,2032.58,29112.0,0,2791.32,2791.32,39928.0,0,304,4303
896,58,44613,2568.08,29112.0,0,2791.32,2791.32,39928.0,0,304,4303
897,14,44857,3022.21,29112.0,0,2791.32,2791.32,39928.0,0,304,4303
898,58,44613,4083.13,31841.0,0,0.0,0.0,40437.0,0,304,6238
899,16,44857,3375.01,31841.0,0,0.0,0.0,40437.0,0,304,6238
900,58,44613,7615.3,15390.0,0,10317.1,7491.63,29121.0,0,276,22237
901,21,44857,589.62,20560.0,0,4392.69,2563.04,41680.0,0,130,17729
902,17,44857,1361.04,20560.0,0,4392.69,2563.04,41680.0,0,130,17729
903,58,44613,3990.86,29387.0,0,2500.0,2500.0,38301.0,0,48,5021
904,21,44914,9978.49,28442.0,0,13472.85,7896.69,39944.0,0,132,4988
905,6,44857,1485.82,34020.0,0,0.0,0.0,39509.0,0,282,24665
906,6,44857,20990.57,34020.0,0,0.0,0.0,39509.0,0,282,24665
907,58,44634,6761.32,33228.0,0,3451.82,3451.82,41812.0,0,199,22874
908,58,44613,544.6,30254.0,0,1240.68,1240.68,38234.0,0,374,5864
909,17,44857,662.97,32770.0,0,1200.0,1200.0,42890.0,0,76,11893
910,17,44857,284.49,16999.0,0,0.0,0.0,36838.0,0,476,3054
911,58,44613,659.91,28198.0,0,831.02,768.28,38315.0,0,151,4940
912,17,44843,1364.16,33478.0,0,0.0,0.0,41493.0,0,136,24568
913,56,44613,1730.74,21371.0,0,2680.0,2680.0,40665.0,0,132,4237
914,56,44894,1144.17,25846.0,0,2800.0,2350.0,37026.0,0,132,5506
915,60,44919,702.41,37804.0,0,1100.0,1100.0,44467.0,0,278,11569
916,56,44735,1873.06,32026.0,0,2220.91,2220.91,40728.0,0,35,12174
917,6,44857,7404.44,31473.0,0,4000.0,4000.0,39693.0,0,132,8192
918,17,44857,2207.54,23906.0,0,0.0,0.0,33631.0,0,277,118
919,56,44634,1185.66,31637.0,0,0.0,0.0,43628.0,0,240,12326
920,58,44613,1004.78,34196.0,0,3568.55,3568.55,41696.0,0,132,25048
921,6,44857,222.34,24496.0,0,1400.0,1400.0,35590.0,0,151,3166
922,6,44829,200.54,28611.0,0,2353.64,1778.79,40630.0,0,132,3670
923,58,44613,1428.28,33729.0,0,0.0,0.0,40779.0,0,246,25086
924,56,44894,2051.54,20574.0,0,5646.76,5646.76,37117.0,0,130,16262
925,14,44857,8396.74,23361.0,0,2338.8,2126.54,41601.0,0,191,131
926,17,44857,1400.09,23361.0,0,2338.8,2126.54,41601.0,0,191,131
927,6,44901,6453.96,19398.0,0,1264.0,932.0,41785.0,0,277,10224
928,6,44901,6956.92,19398.0,0,1264.0,932.0,41785.0,0,277,10224
929,17,44843,1341.38,31537.0,0,0.0,0.0,40992.0,0,240,8805
930,58,44773,630.31,28705.0,0,1280.5,1178.06,40779.0,0,163,13378
931,56,44634,1137.77,31897.0,0,0.0,0.0,39161.0,0,155,13378
932,5,44829,5690.35,32294.0,0,1300.0,1300.0,39187.0,0,240,14239
933,17,44829,1105.51,32294.0,0,1300.0,1300.0,39187.0,0,240,14239
934,21,44857,749.72,28666.0,0,1587.14,1587.14,39050.0,0,236,5401
935,17,44843,1100.41,28666.0,0,1587.14,1587.14,39050.0,0,236,5401
936,58,44613,725.25,28666.0,0,1587.14,1587.14,39050.0,0,236,5401
937,17,44843,474.37,28937.0,0,1583.65,569.2,40768.0,0,182,4033
938,60,44613,1731.83,24151.0,0,2572.64,2257.0,40624.0,0,289,204
939,17,44843,1486.62,24151.0,0,2572.64,2257.0,40624.0,0,289,204
940,58,44613,1124.91,24151.0,0,2572.64,2257.0,40624.0,0,289,204
941,6,44857,1330.86,33546.0,0,0.0,0.0,41519.0,0,247,22772
942,56,44613,1057.7,29400.0,0,0.0,0.0,37793.0,0,31,3084
943,60,44613,1086.02,32839.0,0,0.0,0.0,40831.0,0,240,22833
944,16,44857,4448.45,29052.0,0,3024.0,3024.0,40257.0,0,73,5435
945,58,44613,219.91,28997.0,0,1600.0,1600.0,38206.0,0,156,8176
946,58,44856,3092.65,34180.0,0,0.0,0.0,41043.0,0,48,13628
947,56,44856,2089.38,34180.0,0,0.0,0.0,41043.0,0,48,13628
948,58,44613,6300.0,21780.0,0,0.0,0.0,38759.0,0,130,17733
949,60,44613,9862.08,21780.0,0,0.0,0.0,38759.0,0,130,17733
950,60,44613,957.92,32101.0,0,0.0,0.0,40320.0,0,151,8353
951,6,44857,4567.51,14628.0,0,545.0,382.47,34213.0,0,277,22475
952,6,44857,4993.3,37322.0,0,963.73,862.54,38766.0,0,278,13381
953,16,44857,705.28,28937.0,0,1045.0,1045.0,38648.0,0,236,7032
954,6,44857,10362.36,17522.0,0,927.74,650.03,41308.0,0,277,1474
955,6,44857,4746.5,19019.0,0,5530.9,5530.9,36967.0,0,277,8381
956,17,44857,2218.84,23968.0,0,2684.79,1757.99,39950.0,0,277,1155
957,58,44613,2027.32,23968.0,0,2684.79,1757.99,39950.0,0,277,1155
958,21,44857,5948.43,23968.0,0,2684.79,1757.99,39950.0,0,277,1155
959,56,44856,866.87,24233.0,0,2469.54,2469.54,39061.0,0,277,1165
960,21,44857,1481.47,32423.0,0,0.0,0.0,39627.0,0,181,8131
961,21,44857,3494.78,32423.0,0,0.0,0.0,39627.0,0,181,8131
962,17,44857,1335.63,32423.0,0,0.0,0.0,39627.0,0,181,8131
963,16,44857,508.83,31845.0,0,0.0,0.0,39315.0,0,220,7910
964,58,44613,42.18,31147.0,0,0.0,0.0,42021.0,0,241,23397
965,16,44857,5094.07,31653.0,0,1974.65,1974.65,39824.0,0,132,8100
966,60,44735,17772.32,31484.0,0,0.0,0.0,38553.0,0,35,17958
967,10,44857,28226.47,29477.0,0,3500.0,2866.11,38524.0,0,429,5523
968,8,44857,3426.82,35139.0,0,0.0,0.0,42259.0,0,163,14642
969,6,44901,20263.72,20238.0,0,5919.12,2908.67,36544.0,0,130,19571
970,6,44901,21791.39,20238.0,0,5919.12,2908.67,36544.0,0,130,19571
971,58,44803,2952.99,33368.0,0,7550.0,4793.91,40895.0,0,132,14430
972,8,44857,1523.67,31815.0,0,1500.0,1500.0,41675.0,0,163,6737
973,8,44857,2631.7,31815.0,0,1500.0,1500.0,41675.0,0,163,6737
974,8,44857,2630.59,35401.0,0,0.0,0.0,42606.0,0,300,11395
975,56,44613,1569.62,33092.0,0,1149.85,1005.07,41269.0,0,182,13639
976,56,44613,1019.42,28861.0,0,0.0,0.0,30766.0,0,74,3483
977,6,44901,2290.88,17753.0,0,998.0,758.82,37030.0,0,277,21748
978,6,44857,1284.19,17753.0,0,998.0,758.82,37030.0,0,277,21748
979,6,44857,163.25,17753.0,0,998.0,758.82,37030.0,0,277,21748
980,56,44613,1281.83,24722.0,0,2071.22,1963.29,40838.0,0,132,1361
981,17,44843,2147.2,24722.0,0,2071.22,1963.29,40838.0,0,132,1361
982,56,44613,1982.86,32861.0,0,0.0,0.0,41105.0,0,149,13644
983,17,44843,1175.39,32861.0,0,0.0,0.0,41105.0,0,149,13644
984,60,44853,2166.74,33474.0,0,1883.0,1883.0,41414.0,0,126,13662
985,60,44613,3352.51,24841.0,0,1415.54,1415.54,38907.0,0,278,1385
986,58,44613,2570.55,24841.0,0,1415.54,1415.54,38907.0,0,278,1385
987,58,44613,884.8,33768.0,0,1950.0,1950.0,41196.0,0,163,7267
988,5,44857,2989.66,33768.0,0,1950.0,1950.0,41196.0,0,163,7267
989,17,44857,1031.31,33768.0,0,1950.0,1950.0,41196.0,0,163,7267
990,16,44857,1620.79,32331.0,0,0.0,0.0,42064.0,0,149,7174
991,58,44613,1463.91,24147.0,0,2000.0,1820.0,40442.0,0,240,1512
992,56,44613,802.62,20141.0,0,1200.0,1200.0,37564.0,0,182,1554
993,58,44613,860.84,31776.0,0,1600.0,1600.0,39839.0,0,150,12193
994,6,44857,5094.39,31776.0,0,1600.0,1600.0,39839.0,0,150,12193
995,7,44857,566.93,34318.0,0,0.0,0.0,41919.0,0,475,7267
996,7,44857,2058.02,34318.0,0,0.0,0.0,41919.0,0,475,7267
997,6,44857,4137.12,23602.0,0,0.0,0.0,38441.0,0,241,1551
998,6,44901,3310.34,18972.0,0,5005.72,2953.04,39858.0,0,277,14646
999,6,44901,5149.36,18972.0,0,5005.72,2953.04,39858.0,0,277,14646
